{"last_download_failure": 1648732883.0655596, "last_download_success": 1648652396.9986541, "unseen_downloads": []}