{"last_download_success": 1648713615.5089147, "unseen_downloads": [], "last_download_failure": 1648732882.0627313}